ticket_id|status|title|layer|priority|complexity|depends_on|summary_reference|description
REED-01-01|Complete|Foundation Communication System|Foundation|Critical|High||ReedStream (Line 589-731)|Implement ReedStream universal communication interface with ReedRequest, ReedResponse, ReedResult, ReedError types and ReedModule trait
REED-01-02|Complete|Foundation Error System|Foundation|Critical|Medium|REED-01-01|ReedError Types (Line 602-624)|Implement comprehensive ReedError enum with all error variants and conversion patterns
REED-02-01|Complete|ReedBase Core Services|Data Layer|Critical|High|REED-01-01,REED-01-02|ReedBase Dispatcher (Line 746-749)|Implement ReedBase dispatcher with get/set/init operations and O(1) HashMap performance
REED-02-02|Complete|CSV Handler System|Data Layer|Critical|High|REED-01-01|CSV Handler Services (Line 973-976)|Implement universal CSV reader/writer for .reed/ file management with atomic operations
REED-02-03|Complete|Environment Fallback System|Data Layer|High|Medium|REED-02-01|Environment Override (Line 537-542)|Implement key@dev ' key fallback logic with environment resolution
REED-02-04|Complete|Backup System|Data Layer|High|Medium|REED-02-02|XZ Backup System (Line 308-333)|Implement automatic XZ compression backup before CSV modifications with 32-backup retention
REED-02-05|Complete|Matrix CSV Handler System|Data Layer|High|High|REED-02-02|Matrix CSV 4-Type System (Line 335-385)|Implement Matrix CSV handler with support for all 4 value types (single, list, modified, modified-list)
REED-02-06|Complete|Taxonomy System|Data Layer|Medium|High|REED-02-01,REED-02-02,REED-02-05|Universal Taxonomy (Line 399-450)|Implement hierarchical taxonomy system with universal entity tagging and usage analytics
REED-03-01|Complete|User Management System|Security Layer|High|High|REED-02-01,REED-02-05|Users Matrix CSV (Line 360-378)|Implement user management with Argon2 password hashing and extended profile data
REED-03-02|Complete|Role Permission System|Security Layer|High|High|REED-03-01|Roles Matrix CSV (Line 367-396)|Implement role-based permissions with Unix-style syntax and inheritance with circular detection
REED-04-01|Complete|CLI Command Foundation|CLI Layer|Critical|High|REED-01-01|CLI Architecture (Line 1032-1111)|Implement CLI command parser with colon notation and command routing system
REED-04-02|Complete|CLI Data Commands|CLI Layer|High|Medium|REED-04-01,REED-02-01|CLI Data Management (Line 1042-1050)|Implement set:text, set:route, set:meta, get:text, get:route, list:text commands with pattern matching
REED-04-03|Complete|CLI Layout Commands|CLI Layer|High|High|REED-04-01,REED-02-01|Layout Management (Line 1052-1055)|Implement init:layout with flag-based configuration and registry management
REED-04-04|Open|CLI User Commands|CLI Layer|Medium|Medium|REED-04-01,REED-03-01,REED-03-02|User Management CLI (Line 1082-1090)|Implement user:create, user:list, user:update, user:delete, user:passwd, user:roles commands
REED-04-05|Open|CLI Role Commands|CLI Layer|Medium|Medium|REED-04-01,REED-03-02|Role Management CLI (Line 1091-1098)|Implement role:create, role:list, role:update, role:delete, role:permissions commands
REED-04-06|Open|CLI Taxonomy Commands|CLI Layer|Medium|Medium|REED-04-01,REED-03-03|Taxonomy CLI (Line 1099-1109)|Implement taxonomy:create, taxonomy:list, taxonomy:search, taxonomy:assign commands
REED-04-07|Open|CLI Migration Commands|CLI Layer|Medium|Medium|REED-04-01,REED-02-01|Migration Commands (Line 1056-1059)|Implement migrate:text and validate:routes commands for bulk operations
REED-04-08|Open|CLI Build Commands|CLI Layer|Medium|High|REED-04-01|Build System CLI (Line 1063-1067)|Implement build:kernel, build:public, build:complete, build:watch commands
REED-04-09|Open|CLI Server Commands|CLI Layer|High|Medium|REED-04-01|Server Management CLI (Line 1068-1076)|Implement server:io, server:start, server:stop, server:restart, server:status, server:logs commands
REED-04-10|Open|CLI Man Page Documentation|CLI Layer|Medium|Low|REED-04-01,REED-04-02,REED-04-03,REED-04-04,REED-04-05,REED-04-06,REED-04-07,REED-04-08,REED-04-09|Man Page System (Line 1032-1228)|Create comprehensive Unix/Linux man page documentation for reed CLI with ronn-based build system
REED-05-01|Open|Template Filter System|Template Layer|High|High|REED-02-01|Template Filters (Line 1256-1289)|Implement MiniJinja filters for text, route, meta, config with type-specific access
REED-05-02|Open|Template Engine Setup|Template Layer|High|Medium|REED-05-01|MiniJinja Setup (Line 992-995)|Implement MiniJinja environment configuration with template loader and hot-reload
REED-05-03|Open|Template Context Builder|Template Layer|Medium|Medium|REED-05-01,REED-02-01|Context Builder (Line 994)|Implement template context building with ReedBase data integration
REED-06-01|Open|Server Foundation|Server Layer|Critical|High|REED-01-01|Server Services (Line 964-966)|Implement Actix-Web HTTP server with socket support and request handling
REED-06-02|Open|Routing System|Server Layer|High|High|REED-06-01,REED-02-01|Request Router (Line 987-990)|Implement URL ' Layout + Language resolution via .reed/routes.csv
REED-06-03|Open|Authentication Middleware|Server Layer|High|Medium|REED-06-01,REED-03-01|Authentication (Line 978)|Implement HTTP Basic Auth validation with user verification
REED-06-04|Open|Response Builder|Server Layer|Medium|Medium|REED-06-01,REED-05-02|Response Builder (Line 1002-1008)|Implement HTML generation with headers, cache control, security headers
REED-06-05|Open|Client Detection Service|Server Layer|Medium|Medium|REED-06-01|Client Detection|Implement comprehensive client detection from screen_info cookie with ClientInfo structure, device detection, interaction mode resolution, and User-Agent fallback
REED-07-01|Open|ReedAPI HTTP Interface|API Layer|Medium|High|REED-06-01,REED-04-01|ReedAPI Layer (Line 875-954)|Implement single-endpoint API with CLI command execution bridge
REED-07-02|Open|API Security Matrix|API Layer|Medium|Medium|REED-07-01,REED-03-02|API Security (Line 890-933)|Implement command validation, token authentication, rate limiting via api.matrix.csv
REED-08-01|Open|CSS Bundler|Asset Layer|Medium|Medium|REED-02-01|CSS Bundler (Line 998)|Implement CSS compilation per session hash with component discovery
REED-08-02|Open|JS Bundler|Asset Layer|Low|Medium|REED-08-01|JS Bundler (Line 999)|Implement JavaScript bundling service with component asset discovery
REED-08-03|Open|Static File Server|Asset Layer|Medium|Low|REED-06-01|Static Files (Line 1001)|Implement static file serving with cache headers
REED-09-01|Open|Binary Compiler|Build Layer|High|High|REED-04-08|Binary Compiler (Line 1010)|Implement ReedCMS binary compilation with cargo integration
REED-09-02|Open|Asset Pipeline|Build Layer|Medium|Medium|REED-08-01,REED-08-02,REED-09-01|Asset Pipeline (Line 1011)|Implement asset pipeline integration for CSS/JS bundling during build
REED-09-03|Open|File Watcher|Build Layer|Medium|Medium|REED-09-01|File Watcher (Line 1012)|Implement file change detection for hot-reload and watch mode
REED-10-01|Open|ReedMonitor Foundation|Monitor Layer|High|High|REED-01-01|ReedMonitor System (Line 786-870)|Implement FreeBSD-style logging with metrics collection and configurable output modes
REED-10-02|Open|Performance Profiler|Monitor Layer|Medium|Medium|REED-10-01|Performance Profiling (Line 842-870)|Implement automatic benchmark collection with p50/p95/p99 tracking
REED-10-03|Open|Debug Tools|Monitor Layer|Low|Medium|REED-10-01,REED-05-02|Debug Services (Line 967-969)|Implement template trace, performance profiler, error context, hot reload debug tools
REED-10-04|Open|Backup Recovery CLI|Monitor Layer|Medium|Low|REED-04-01,REED-02-04|Backup Recovery (Line 1077-1079)|Implement debug:backup list, restore, cleanup commands for XZ backup management
